NOME,ENDERECO,CONTATO,SITE_LISTA,SITE_MODAL
Móveis Naomi,"Próx ao metrô Tucuruvi - Av. Guapira, 789 - Tucuruvi, São Paulo - SP, 02265-001 ",(11) 98187-4477 ,N/A (Ignorado por segurança),http://moveisnaomi.com.br/
Seu achado moveis usados,"R. Edgar Sales, 164 - Jardim Peri, São Paulo - SP, 02633-020 ",(11) 94795-4003 ,N/A (Ignorado por segurança),Não informado
Quirino Lar,"R. Índio Peri, 52 - Jardim Peri, São Paulo - SP, 02632-000 ",(11) 95419-6230 ,N/A (Ignorado por segurança),https://chat.whatsapp.com/GWFXmo68T0mG7Vnj8HHVwK
COMÉRCIO DE MÓVEIS NOVOS,"Done Deal Comércio Móveis - Av. Direitos Humanos, 738 - Mandaqui, São Paulo - SP, 02475-000 ",(11) 99104-1013 ,N/A (Ignorado por segurança),Não informado
LS Móveis usados,"R. Condessa Amália Matarazzo, 96a - Jardim Peri, São Paulo - SP, 02652-000 ",(11) 95717-4286 ,N/A (Ignorado por segurança),Não informado
Cássia Bazar,"R. Alto Paraguai, 140 - Jardim Brasil (Zona Norte), São Paulo - SP, 02238-240 ",(11) 99717-4335 ,N/A (Ignorado por segurança),Não informado
Móveis Barato,"R. Fernando Pessoa, 284 - Vila Dionisia, São Paulo - SP, 02670-000 ",(11) 98608-7579 ,N/A (Ignorado por segurança),Não informado
Vital Móveis Usados,"Av. Dep. Cantídio Sampaio, 3456 - Vila Souza, São Paulo - SP, 02856-024 ",(11) 96981-0120 ,N/A (Ignorado por segurança),Não informado
Portal Moveis Usados,"Av. Elísio Teixeira Leite, 4982 - Jardim Paulistano (Zona Norte), São Paulo - SP, 02810-000 ",(11) 3993-4125 ,N/A (Ignorado por segurança),Não informado
Clean Móveis & Eletromésticos Novos e Usados,"Avenida Cerejeiras, 2475 Jardim Japão - Zona Norte, São Paulo - SP, 02124-002 ",(11) 98085-9751 ,N/A (Ignorado por segurança),Não informado
3E móveis e colchões,"Av. Itaberaba, 5127 - Vila Nova Cachoeirinha, São Paulo - SP, 02739-000 ",(11) 99511-8535 ,N/A (Ignorado por segurança),Não informado
SANTANA DECOR - Loja de Sofas - Racks - Painel - Mesas de Jantar,"Av. Dep. Emílio Carlos, 2028 - Limão, São Paulo - SP, 02720-200 ",(11) 97174-0663 ,N/A (Ignorado por segurança),https://www.facebook.com/santanadecorestofados
Mauri Móveis para Escritório,"Av. Itaberaba, 4168 - Jardim Maracana, São Paulo - SP, 02739-000 ",(11) 3851-4360 ,N/A (Ignorado por segurança),http://www.classeaflex.com.br/
AM COLCHÕES,"Av. Jd. Japão, 679A - Jardim Brasil (Zona Norte), São Paulo - SP, 02221-000 ",(11) 95902-2894 ,N/A (Ignorado por segurança),https://amcolchoes.com.br/
A Toca do Tutu Raposa,"Av. das Cerejeiras, 1394 - Jardim Japao, São Paulo - SP, 02124-001 ",(88) 99616-2852 ,N/A (Ignorado por segurança),Não informado
Sabina Móveis - Venda de móveis novos desde 1958,"R. Maria Cândida, 902 - Vila Guilherme, São Paulo - SP, 02071-001 ",(11) 2909-0894 ,N/A (Ignorado por segurança),http://www.sabinamoveis.com.br/
Regina Moveis Novos e Usados,"Av. Gabriela Mistral, 97 - Loja 1 - Penha de França, São Paulo - SP, 03701-011 ",(11) 95347-3836 ,N/A (Ignorado por segurança),Não informado
Bazar Unibes.,"R. Voluntários da Pátria, 2286 - Santana, São Paulo - SP, 02010-820 ",(11) 2950-3005 ,N/A (Ignorado por segurança),http://www.unibes.org.br/
Cida Móveis,"Av. Elísio Teixeira Leite, 1407 - Brasilândia, São Paulo - SP, 02801-000 ",(11) 95893-9390 ,N/A (Ignorado por segurança),https://www.instagram.com/cidamoveis_oficial?igsh=MWgzaWdxM3E4OWNtOA==
Móveis Marino,"Av. Imirim, 3764 - Cachoeirinha, São Paulo - SP, 02464-600 ",(11) 3981-2996 ,N/A (Ignorado por segurança),https://www.moveismarino.com.br/
Vimes Veleiro,"R. Conselheiro Moreira de Barros, 1871 - Lauzane Paulista, São Paulo - SP, 02430-000 ",(11) 2239-4624 ,N/A (Ignorado por segurança),http://www.vimesveleiro.com.br/
Tec Consert,"R. Encruzilhada do Sul, 21 - Jardim Paulistano (Zona Norte), São Paulo - SP, 02816-010 ",(11) 98375-5060 ,N/A (Ignorado por segurança),Não informado
Magnus Comercial,"R. Conselheiro Moreira de Barros - Lauzane Paulista, São Paulo - SP, 02430-000 ",(11) 2495-0666 ,N/A (Ignorado por segurança),Não informado
Comercial Materiais para Construção Peral,"Av. Itaberaba, 4380 - Vila Hebe, São Paulo - SP, 02739-000 ",(11) 3851-5597 ,N/A (Ignorado por segurança),Não informado
Desapega Nacional,"Av. Francisco Machado da Silva, 191 - Jardim Peri, São Paulo - SP, 02678-000 ",(11) 97604-0473 ,N/A (Ignorado por segurança),Não informado
Artefacto Rústico,"Av. Leôncio de Magalhães, 925 - Jardim São Paulo, São Paulo - SP, 02042-010 ",(11) 99900-8064 ,N/A (Ignorado por segurança),Não informado
Center Móveis,"Av. Dr. Francisco Ranieri, 795 - Lauzane Paulista, São Paulo - SP, 02435-061 ",(11) 2231-5114 ,N/A (Ignorado por segurança),Não informado
MÓVEIS AGORA italinea,"Av. Imirim, 1834 - Imirim, São Paulo - SP, 02464-300 ",(11) 2538-1890 ,N/A (Ignorado por segurança),Não informado
Família Vende Tudo Moderno ao Antigo - Giovanni Gronchi,"Av. Giovanni Gronchi, 823 - Morumbi, São Paulo - SP, 05651-000 ",(11) 93205-2444 ,N/A (Ignorado por segurança),https://fvtmodernoaoantigo.com.br/
Celmar | Alphaville,"Alameda Araguaia, 122 - Alphaville Industrial, Barueri - SP, 06455-000 ",(11) 96725-5327 ,N/A (Ignorado por segurança),https://celmaralphaville.com.br/
Fanfula Usados,"R. Fanfula, 300 - Americanópolis, São Paulo - SP, 04429-030 ",(11) 98558-9183 ,N/A (Ignorado por segurança),Não informado
Cabelo Móveis;compra e vendas de móveis novos e semi novos,"Av. Rodrigues Vilares, 350 - Jardim Iporanga, São Paulo - SP, 04828-100 ",(11) 94665-7769 ,N/A (Ignorado por segurança),http://www.sba.gov/
BellaAjuda,"R. José da Rocha Mendes Filho, 151 - Vila Santo Estefano, São Paulo - SP, 04153-090 ",(11) 98990-9879 ,N/A (Ignorado por segurança),https://www.bellaajuda.com/
Loja de Móveis Pietá | Santo Amaro -SP,"Av. Washington Luís, 4523 - Santo Amaro, São Paulo - SP, 04627-001 ",(11) 2362-2264 ,N/A (Ignorado por segurança),http://moveispieta.com.br/
FVTSP Família Vende Tudo São Paulo,"R. Gen. Euclídes Figueiredo, 400 - Morumbi, São Paulo - SP, 05688-020 ",(11) 98809-0019 ,N/A (Ignorado por segurança),http://www.fvtsp.com.br/
Bossa Nossa Casa,"R. Gen. Almério de Moura, 780 - Vila Tramontano, São Paulo - SP, 05690-080 ",(11) 93010-1969 ,N/A (Ignorado por segurança),https://www.bossanossacasa.com.br/
BETO DOS MOVEIS LOJAO DO POVO COMPRA E VENDAS DE MOVEIS USADOS,"R. Primo Fazzini, 26 - Cidade Júlia, São Paulo - SP, 04424-090 ",(11) 94240-9977 ,N/A (Ignorado por segurança),Não informado
Exército de Salvação - Bazar Beneficente - Vila Santa Catarina,"Av. Santa Catarina, 1781 - Vila Mascote, São Paulo - SP, 04378-300 ",(11) 4003-2299 ,N/A (Ignorado por segurança),http://www.exercitodoacoes.org.br/
Ln Móveis Usados | Unidade 1,"Av. Padre Arlindo Vieira, 3697 - Jardim Vergueiro (Sacoma), São Paulo - SP, 04166-003 ",(11) 97159-1860 ,N/A (Ignorado por segurança),Não informado
Atacadão Móveis,"Av. São Miguel, 4981 - Jardim Cotinha, São Paulo - SP, 03871-100 ",(11) 94239-2483 ,N/A (Ignorado por segurança),Não informado
Brechó da Tito,"Rua: Tito oliani, 769 - Sacoma, São Paulo - SP, 04256-000 ",(11) 98997-8624 ,N/A (Ignorado por segurança),Não informado
Mvs Móveis Usados,"Travessa com a - Estrada do M'Boi Mirim, R. Nestor Pires, 9998 - lado par, São Paulo - SP, 04948-030 ",(11) 94286-2537 ,N/A (Ignorado por segurança),Não informado
Retiramos doações de móveis retiramos doações gratuitas em até 24 horas,"Rua da safra 757 Rua da safra 747 Instituto Adventista santo Amaro, São Paulo - SP, 05868-040 ",(11) 97392-7762 ,N/A (Ignorado por segurança),Não informado
Opina Móveis Usados,"Estr. do Campo Limpo, 2245 - Jardim Paris, São Paulo - SP, 05761-450 ",(11) 5842-5475 ,N/A (Ignorado por segurança),Não informado
"Bazar Beneficente LALEC - Lar, Amor, Luz e Esperança da Criança","Alameda Iraé, 47 - Indianópolis, São Paulo - SP, 04075-000 ",(11) 5052-8085 ,N/A (Ignorado por segurança),http://www.lalec.org/
Skybabau Moveis novos e usados .,"R. Odemis, 28 - Jardim Umuarama, São Paulo - SP, 05783-180 ",(11) 96686-2652 ,N/A (Ignorado por segurança),Não informado
Dado Móveis Usados,"R. Gen. Lucídio de Arruda, 497 - Jardim Santa Margarida, São Paulo - SP, 04930-030 ",(11) 96894-9181 ,N/A (Ignorado por segurança),Não informado
Gilson Móveis Usados,"R. Rio Branco, 26 - Jardim Marilda, São Paulo - SP, 04857-280 ",(11) 96568-3619 ,N/A (Ignorado por segurança),Não informado
Bira Colchões,"R. do Engenho, 131 - Vila Nova Cachoeirinha, São Paulo - SP, 02612-130 ",(11) 2628-9404 ,N/A (Ignorado por segurança),http://biracolchoes.com.br/
Galeria Batata Antiguidades,"R. Cantarricos, 10 - Imirim, São Paulo - SP, 02540-020 ",(11) 97144-8660 ,N/A (Ignorado por segurança),https://mechamenozap.com.br/galeriabatataantiguidades/
Outlet Novos e Usados,"Av. São Miguel, 6687 A - Vila Norma, São Paulo - SP, 08070-002 ",(11) 94943-2119 ,N/A (Ignorado por segurança),https://www.instagram.com/outletnovoseusados/
Loja de Móveis Usados - Saldanha Marinho - 111,"R. Saldanha Marinho, 111 - Belenzinho, São Paulo - SP, 03055-020 ",(11) 91116-1962 ,N/A (Ignorado por segurança),http://www.classeaflex.com.br/
Fonte das Pechinchas - Móveis e Colchões,"Av. Pires do Rio, 3440 - Jardim Norma, São Paulo - SP, 08240-005 ",(11) 2052-2627 ,N/A (Ignorado por segurança),https://www.instagram.com/fontepechinchas/
FRETES E CARRETOS MÓVEIS USADOS,"R. Harry Dannenberg, 1004 - Vila Carmosina, São Paulo - SP, 08270-010 ",(11) 91298-0064 ,N/A (Ignorado por segurança),Não informado
Bento novos e usados,"Av. Bento Guelfi - Jardim Iguatemi, São Paulo - SP, 08381-001 ",(11) 98139-6928 ,N/A (Ignorado por segurança),Não informado
MH Office - Móveis de Escritório,"Av. Rio das Pedras, 2045 - Jardim Aricanduva, São Paulo - SP, 03453-100 ",(11) 97426-5443 ,N/A (Ignorado por segurança),https://www.mhoffice.com.br/
KAngelus Móveis - Tucuruvi,"Av. Nova Cantareira, 1909 - Tucuruvi, São Paulo - SP, 02331-003 ",(11) 93496-8281 ,N/A (Ignorado por segurança),Não informado
Empório Eletros,"R. Flor de Inverno, 353 - Jardim das Camelias, São Paulo - SP, 08050-310 ",(11) 97825-8434 ,N/A (Ignorado por segurança),https://instagram.com/emporio_eletros2021?igshid=ZDdkNTZiNTM=
Mercatudo Casas André Luiz - Unidade São Miguel,"R. Mohamad Ibrahim Saleh, 602 - São Miguel Paulista, São Paulo - SP, 08042-130 ",(11) 2561-1769 ,N/A (Ignorado por segurança),http://www.mercatudo.org.br/
Casa de móveis novos e usado,"Rua Domingos Rosolia, 197 - Jardim São Jorge, São Paulo - SP, 05567-000 ",(11) 99381-3202 ,N/A (Ignorado por segurança),https://wa.me/qr/Y2NHMI3H5Q3GN1
S.O.S Móveis Antigos,"Rua Cardeal Arcoverde, 1301/1309 - Pinheiros, São Paulo - SP, 05407-001 ",(11) 3812-0169 ,N/A (Ignorado por segurança),http://www.sosmoveisantigos.com.br/
Loja de Móveis Vila Borges,"R. Gen. Teixeira de Campos, 15 - Jardim Cláudia, São Paulo - SP, 05546-000 ",(11) 96022-9528 ,N/A (Ignorado por segurança),Não informado
Célio Móveis Novos e Seminovos,"Av. Laurita Ortega Mari, 1946 - Parque Pinheiros, Taboão da Serra - SP, 06766-361 ",(11) 97333-3227 ,N/A (Ignorado por segurança),Não informado
E & P Moveis Usados,"Estrada Kizaemon Takeuti 233, Estr. Kizaemon Takeuti, 239 - Jardim Clementino, Taboão da Serra - SP, 06775-000 ",(11) 97135-1802 ,N/A (Ignorado por segurança),Não informado
ded móveis usados,"Estrada Kizaemon Takeuti, 233, Estr. Kizaemon Takeuti, 239 - Jardim Clementino, Taboão da Serra - SP, 06775-000 ",(11) 91913-4301 ,N/A (Ignorado por segurança),Não informado
Osvaldo Antiguidades - Loja de Móveis Clássicos e Vintage,"R. Dronsfield, 432 - Lapa, São Paulo - SP, 05074-000 ",(11) 3831-3899 ,N/A (Ignorado por segurança),http://www.osvaldoantiguidades.com.br/
Ponto Azul Móveis Outlet,"Av. Alexios Jafet, 526 - Jardim Ipanema (Zona Oeste), São Paulo - SP, 05187-010 ",(11) 96039-7961 ,N/A (Ignorado por segurança),Não informado
Móveis Usados Renovo,"R. Ana Cintra, 206 - Campos Elíseos, São Paulo - SP, 01201-060 ",(11) 98414-6752 ,N/A (Ignorado por segurança),Não informado
Móveis Ivana,"Av. São João, 1603 - Santa Cecilia, São Paulo - SP, 01211-100 ",(11) 94149-7893 ,N/A (Ignorado por segurança),Não informado
Loja da família móveis usados,"Av. Jerimanduba, 510 - Jaraguá, São Paulo - SP, 05181-000 ",(11) 99188-3307 ,N/A (Ignorado por segurança),Não informado
Feirão de Móveis Usados,"Estr. Kizaemon Takeuti, 187 - Jardim Clementino, Taboão da Serra - SP, 06775-000 ",(11) 98259-3075 ,N/A (Ignorado por segurança),Não informado
Paulo móveis,"Avenida vila Matias 34 Jardim Santa Rita, Praça Oito de Dezembro - Taboão, Guarulhos - SP, 07143-190 ",(11) 94484-6389 ,N/A (Ignorado por segurança),Não informado
MF cadeiras,"R. Belchior de Azevedo, 42 - Vila Leopoldina, São Paulo - SP, 05089-030 ",(11) 94785-2083 ,N/A (Ignorado por segurança),Não informado
montador de móveis vila galvão,"R. Treze de Maio - Vila Galvão, Guarulhos - SP, 07071-050 ",(11) 95930-5488 ,N/A (Ignorado por segurança),https://nepmontagens.com/oficial
Garagem de Usados Bellore,"R. Guarani, 620 - Vila Galvão, Guarulhos - SP, 07074-010 ",(11) 96313-8727 ,N/A (Ignorado por segurança),https://www.facebook.com/garagemdeusadosbellore/
Loja de usados do amigão 011,"R. João Genuíno Sobral, 242 - Parque Continental II, Guarulhos - SP, 07084-130 ",(11) 95743-3215 ,N/A (Ignorado por segurança),Não informado
KM Móveis | Loja de Móveis,"Av. Emílio Ribas, 2142 - Jardim Vila Galvao, Guarulhos - SP, 07050-001 ",(11) 2408-4000 ,N/A (Ignorado por segurança),Não informado
Comércio de Roupas e Móveis Usados,"R. Leoberto Leal, 5 - Vila Fiuza, Guarulhos - SP, 07097-090 ",(11) 3435-2580 ,N/A (Ignorado por segurança),Não informado
Constantino Pedro Sobral Móveis Usados,"R. Taguaí, 556 - Jardim São Paulo, Guarulhos - SP, 07131-040 ",(11) 3437-1972 ,N/A (Ignorado por segurança),Não informado
Gil Móveis Rústicos,"Av. Júlio Prestes, 1038 - Vila Galvão, Guarulhos - SP, 07063-010 ",(11) 98471-8769 ,N/A (Ignorado por segurança),Não informado
O Baratão,"R. Cachoeira, 130 - Picanço, Guarulhos - SP, 07080-000 ",(11) 2453-5453 ,N/A (Ignorado por segurança),Não informado
Usadão Paraíso,"Av. Silvestre Pires de Freitas, 1890 - Jardim Paraiso, Guarulhos - SP, 07144-000 ",(11) 2279-3365 ,N/A (Ignorado por segurança),Não informado
J&F Móveis Usados,"R. Direitos Humanos, 294 - Parque Continental II, Guarulhos - SP, 07084-040 ",(11) 98705-2738 ,N/A (Ignorado por segurança),https://sites.google.com/view/j-f-mveis?usp=sharing
Julio Móveis Usados,"R. Santo Antônio do Aventureiro, 83 - Jardim Kawamoto, Guarulhos - SP, 07143-040 ",(11) 95092-9973 ,N/A (Ignorado por segurança),Não informado
Tio Salú moveis usados,"R. Direitos Humanos, 27 - Parque Continental II, Guarulhos - SP, 07084-040 ",(11) 94510-7659 ,N/A (Ignorado por segurança),Não informado
Paulo móveis novos e usados,"R. Miguel Fernandes Maldonado, N: 16 - Jardim Santa Rita, Guarulhos - SP, 07143-190 ",(11) 94484-6389 ,N/A (Ignorado por segurança),Não informado
Lojão De Móveis Usados,"Estr. do Moinho Velho, 431 - Jardim Angelica, Guarulhos - SP, 07260-220 ",(11) 98805-9496 ,N/A (Ignorado por segurança),Não informado
Megabazar,"R. Nossa Sra. Mãe dos Homens, 1107 - Vila Progresso, Guarulhos - SP, 07091-000 ",(11) 2859-4335 ,N/A (Ignorado por segurança),Não informado
Montador de móveis Guarulhos,"Praça Oito de Dezembro - Jardim Capri, Guarulhos - SP, 07140-160 ",(11) 93250-3710 ,N/A (Ignorado por segurança),http://www.facebook.com/MontadordemoveisprofissionalOscar/
Tamakazuza,"Estr. Elenco, 1274 - Jardim Sao Domingos, Guarulhos - SP, 07142-000 ",(11) 2401-7450 ,N/A (Ignorado por segurança),Não informado
moveis em Guarulhos,"Av. Suplicy, 238 - 1 - Picanço, Guarulhos - SP, 07090-000 ",(11) 96879-6196 ,N/A (Ignorado por segurança),Não informado
Cido & Cida Loja de Móveis,"R. Raimundo Almeida de Araújo, 399 - Vila Florida, Guarulhos - SP, 07122-000 ",(11) 96157-4973 ,N/A (Ignorado por segurança),Não informado
Casa Bela Móveis,"R. Cerejeira - Parque Continental II, Guarulhos - SP, 07084-340 ",(11) 2457-4483 ,N/A (Ignorado por segurança),Não informado
Mercatudo Casas André Luiz - Unidade Vila Rio,"Praça Paulo Hideo Futami, 61 - Vila Rio de Janeiro, Guarulhos - SP, 07080-001 ",(11) 3995-7884 ,N/A (Ignorado por segurança),https://www.mercatudo.org.br/
Novittá Design Guarulhos – Loja de Móveis e Sofás,"Av. Dr. Timóteo Penteado, 578 - Centro, Guarulhos - SP, 07094-000 ",(11) 2447-1449 ,N/A (Ignorado por segurança),http://www.novittadesign.com.br/
Saldão Mercatudo David Marques,"Av. José Rangel Filho, 113 - Jardim Pte. Alta I, Guarulhos - SP, 07179-350 ",(11) 95923-8913 ,N/A (Ignorado por segurança),https://saldaomercatudo.com.br/
Brito Office,"R. Cabo Antônio Pereira da Silva, 187 - Jardim Tranquilidade, Guarulhos - SP, 07051-011 ",(11) 2421-6622 ,N/A (Ignorado por segurança),http://www.britooffice.com.br/
Mikail Móveis,"Estr. Elenco, 1494 - Jardim Sao Domingos, Guarulhos - SP, 07142-000 ",(11) 96673-1089 ,N/A (Ignorado por segurança),Não informado
Atacadão dos Colchões,"Av. Otávio Braga de Mesquita, 2456 - Vila Florida, Guarulhos - SP, 07191-000 ",(11) 91025-3333 ,N/A (Ignorado por segurança),Não informado
Vieira Móveis usados,"Av. Maria do Socorro e Silva Bezerra, 105 - Jardim Nova Cidade, Guarulhos - SP, 07252-300 ",(11) 95932-8872 ,N/A (Ignorado por segurança),Não informado
Marcão Móveis Para Escritório,"Picanço, Guarulhos - SP, 07097-380 ",(11) 2451-1188 ,N/A (Ignorado por segurança),Não informado
all farias.all novos e usados,"R. Natalina - Recreio São Jorge, Guarulhos - SP, 07144-230 ",(11) 97888-1039 ,N/A (Ignorado por segurança),https://chat.whatsapp.com/LTCySmsZ42DDJM3tl6sj1i
Móveis SOS - Móveis para escritório,"Av. Monteiro Lobato, 725 - Macedo, Guarulhos - SP, 07112-000 ",(11) 2441-3853 ,N/A (Ignorado por segurança),http://www.moveissos.com.br/
Móveis Neto,"R. Cachoeira, 1313 - Jardim Paulista, Guarulhos - SP, 07080-000 ",(11) 2457-4233 ,N/A (Ignorado por segurança),Não informado
Mikail Móveis,"R. Maria Ferreira Calsado, 31 - Parque Mikail, Guarulhos - SP, 07142-370 ",(11) 2088-5082 ,N/A (Ignorado por segurança),Não informado
Azevedo Móveis para Escritório,"Av. Dr. Timóteo Penteado, 1855 - Vila Hulda, Guarulhos - SP, 07094-000 ",(11) 2459-1057 ,N/A (Ignorado por segurança),http://www.azevedomoveis.com.br/
Remar Brasil,"R. Padre João Álvares, 548 - Vila Renata, Guarulhos - SP, 07056-000 ",(11) 94449-4443 ,N/A (Ignorado por segurança),http://www.remarbrasil.org.br/
ESPAÇO BELLORE ESTÉTICA E MASSAGEM,"R. Gentil de Castro Lessa, 16 - Jardim Santa Francisca, Guarulhos - SP, 07013-080 ",(11) 99214-3469 ,N/A (Ignorado por segurança),Não informado
Exército de Salvação - Guarulhos - SP,"Rua Nossa Senhora Aparecida, 105 - Vila Nossa Sra. de Fatima, Guarulhos - SP, 07191-190 ",(11) 2409-1500 ,N/A (Ignorado por segurança),Não informado
NEW MÓVEIS USADOS PARA ESCRITÓRIO,"Rua Jamil João Zarif, 416 - Jardim Santa Vicencia, Guarulhos - SP, 07143-000 ",(11) 5050-2936 ,N/A (Ignorado por segurança),Não informado
Cazatudo Guarulhos,"Estr. Pres. Juscelino K. de Oliveira, 3505 - Jardim Albertina, Guarulhos - SP, 07252-000 ",(11) 96641-1274 ,N/A (Ignorado por segurança),https://beacons.page/cazatudo.com_outlet
Mercatudo Casas André Luiz - Unidade Pimentas,"R. Joaquim Moreira, 39 - Pimentas, Guarulhos - SP, 07260-220 ",(11) 2499-1304 ,N/A (Ignorado por segurança),http://mercatudo.org.br/
MONTEIRO MOVEIS P/ ESCRITÓRIO & RESIDENCIA,"Av. Monteiro Lobato, 442 - Centro, Guarulhos - SP, 07112-000 ",(11) 2409-4029 ,N/A (Ignorado por segurança),http://www.monteiromoveis.com.br/
Eroflex Mobiliário Corporativo,"R. Cavadas, 43 - Vila Sao Joao, Guarulhos - SP, 07044-000 ",(11) 2425-4555 ,N/A (Ignorado por segurança),https://www.eroflex.com.br/
Ateliê do Luís - Tapeçaria de Móveis Estofados,"Alameda Aída, 94 - Gopouva, Guarulhos - SP, 07092-050 ",(11) 98493-3725 ,N/A (Ignorado por segurança),Não informado
Decor Industrial Móveis,"R. Sorocaba, 289 - Jardim Bela Vista, Guarulhos - SP, 07132-340 ",(11) 98770-3837 ,N/A (Ignorado por segurança),https://www.instagram.com/decor_industrialmoveis
O Bagação Móveis para Escritório,"Av. Novo Osasco, 574 - Bussocaba, Osasco - SP, 06056-000 ",(11) 3609-7155 ,N/A (Ignorado por segurança),http://obagacao.com.br/
Lojão de Móveis Santa Maria,"Av. Ayrton Senna, 143 - Santa Maria, Osasco - SP, 06149-201 ",(11) 97984-2150 ,N/A (Ignorado por segurança),Não informado
Samu Móveis Para Escritório,"Av. dos Autonomistas, 6162 - Km 18, Osasco - SP, 06194-060 ",(11) 98270-6185 ,N/A (Ignorado por segurança),http://samumoveis.com.br/
"Casa Ellegance - Móveis, Decor. e Planejados - Osasco","Av. dos Autonomistas, 3183 - Centro, Osasco - SP, 06090-015 ",(11) 3689-1421 ,N/A (Ignorado por segurança),https://loja.casaellegance.com.br/
Cruzeiro do Sul Móveis,"Av. Cruzeiro do Sul, 1092 - Rochdale, Osasco - SP, 06226-006 ",(11) 93951-3130 ,N/A (Ignorado por segurança),Não informado
Lumi Móveis,"Av. João Batista, 260 - Centro, Osasco - SP, 06097-090 ",(11) 4624-6123 ,N/A (Ignorado por segurança),http://www.lumimoveis.com/
Geraldo Donisete Compra E Venda De Usados,"Av. Pres. Médici, 1052 - Parque Industrial Mazzei, Osasco - SP, 06268-000 ",(11) 95914-0433 ,N/A (Ignorado por segurança),Não informado
Snake Móveis Montagens e Remanejamentos,"R. Benjamin Inácio de Souza - Bussocaba, Osasco - SP, 06056-220 ",(11) 94844-6796 ,N/A (Ignorado por segurança),Não informado
Dosul - Móveis de Madeira,"R. Pedro Fioretti, N:365 - Centro, Osasco - SP, 06013-080 ",(11) 3683-8908 ,N/A (Ignorado por segurança),Não informado
Casa Saldão,"Esquina com a - Rua Miguel de Cervantes, Estr. da Divisa, 231 - Santa Maria, Osasco - SP, 06149-208 ",(11) 93957-2115 ,N/A (Ignorado por segurança),http://www.casasaldao.com.br/
Eliana Móveis,"R. Vinte e Sete de Janeiro, 104 - Novo Osasco, Osasco - SP, 06045-000 ",(11) 3609-1057 ,N/A (Ignorado por segurança),Não informado
Móveis Rocha,"Av. Gen. Pedro Pinho, 1068 - Pestana, Osasco - SP, 06122-160 ",(11) 99713-5788 ,N/A (Ignorado por segurança),https://moveisrochaonline.lojavirtualnuvem.com.br/
Mob-Lux Móveis,"R. Pedro Fioretti, 128 - Centro, Osasco - SP, 06013-070 ",(11) 3699-6960 ,N/A (Ignorado por segurança),Não informado
Alegria móveis e antiguidades,"R. Orquídea, 860 - Jardim das Flores, Osasco - SP, 06112-070 ",(11) 98820-3032 ,N/A (Ignorado por segurança),Não informado
Adriático Móveis Usados,"R. Adriático, 1190 - Jardim do Estádio, Santo André - SP, 09172-180 ",(11) 99941-5875 ,N/A (Ignorado por segurança),Não informado
Dom Pedro I Móveis Usados,"Av. Dom Pedro I, 2187 - Vila Pires, Santo André - SP, 09130-410 ",(11) 99598-3600 ,N/A (Ignorado por segurança),Não informado
Moveis Usados para Escritório,"R. Nicolau Copérnico, 59 - Vila América, Santo André - SP, 09110-290 ",(11) 4474-0968 ,N/A (Ignorado por segurança),http://movesq.com.br/
Loja de Moveis usados CSO,"R. Carijós, 3823 A - Vila Linda, Santo André - SP, 09180-001 ",(11) 97447-1248 ,N/A (Ignorado por segurança),Não informado
Rm Móveis Usados,"Av. Queirós Filho, 3307 - Parque Industriario, Santo André - SP, 09121-587 ",(11) 94816-2219 ,N/A (Ignorado por segurança),https://www.facebook.com/rm.moveisusados?mibextid=2JQ9oc
Trato Feito ABC,"Praça Nova Iorque, 13 - Utinga, Santo André - SP, 09220-760 ",(11) 94741-9589 ,N/A (Ignorado por segurança),Não informado
Geraldo Móveis,"Alameda Sebastião do Amaral, 549 - Jardim Ipanema, Santo André - SP, 09130-110 ",(11) 98520-5438 ,N/A (Ignorado por segurança),Não informado
Loja de moveis usados Braga,"Av. das Nações - Parque Novo Oratório, Santo André - SP, 09270-400 ",(11) 95600-4064 ,N/A (Ignorado por segurança),Não informado
Loja De Móveis Usados,"R. Egito, 34 - Vila Curuçá, Santo André - SP, 09280-760 ",(11) 96451-9120 ,N/A (Ignorado por segurança),Não informado
Loja de Móveis Usados Pernambuco,"Av. João Pessoa, 01 - Vila Camilópolis, Santo André - SP, 09020-650 ",(11) 4461-4399 ,N/A (Ignorado por segurança),Não informado
3A Móveis Rústicos,"R. Catequese, 1621 - Vila Guiomar, Santo André - SP, 09090-401 ",(11) 2324-4234 ,N/A (Ignorado por segurança),https://www.3amoveisrusticos.com.br/
Casa Jordania Móveis e Decorações,"Av. Queirós Filho, 2428 - Vila Guaraciaba, Santo André - SP, 09121-587 ",(11) 4455-7642 ,N/A (Ignorado por segurança),Não informado
Toque Móveis | Loja de Móveis em Santo André | Loja de Móveis,"R Oratório, 1847 - Parque das Nações, Santo André - SP, 09280-000 ",(11) 2324-4259 ,N/A (Ignorado por segurança),https://is.gd/xdKQmV
Segunda Opção Móveis ABC,"Av. Nova Iorque, 311 - Utinga, Santo André - SP, 09220-780 ",(11) 95558-9185 ,N/A (Ignorado por segurança),Não informado
MadeiraMadeira - Loja de Móveis e Artigos para Casa,"R. Bernardino de Campos, 75 - Centro, Santo André - SP, 09015-010 ",(11) 91151-2373 ,N/A (Ignorado por segurança),https://www.madeiramadeira.com.br/?utm_source=google&utm_medium=organic&utm_campaign=maps_22
Demema Outlet,"Av. dos Estados, 33 - Parque Central, Santo André - SP, 09210-580 ",(11) 4462-3300 ,N/A (Ignorado por segurança),http://www.dememaoutlet.com.br/
Super Casa,"R. Campos Sales, 297 - Centro, Santo André - SP, 09010-020 ",(11) 4438-0064 ,N/A (Ignorado por segurança),Não informado
Armanny Móveis - Loja de Móveis Santo André,"R. Gen. Glicério, 375 - Centro, Santo André - SP, 09015-191 ",(11) 4436-2350 ,N/A (Ignorado por segurança),https://www.instagram.com/armannymoveis/
Móveis Paraíso,"R. Jabaquara, 218 - Paraíso, Santo André - SP, 09190-660 ",(11) 4438-8351 ,N/A (Ignorado por segurança),Não informado
Bio Móveis,"Estr. do Pedroso, 552 - Vila Luzita, Santo André - SP, 09132-180 ",(11) 4974-0090 ,N/A (Ignorado por segurança),Não informado
De Bertassi Moveis,"R. Maria Cândida, 305 - Vila Linda, Santo André - SP, 09175-740 ",(11) 95269-5704 ,N/A (Ignorado por segurança),Não informado
Oasis Móveis,"R. Gen. Glicério, 311 - Centro, Santo André - SP, 09015-190 ",(11) 4427-9822 ,N/A (Ignorado por segurança),https://www.instagram.com/oasis_moveis/
Movesq - Móveis para Escritório,"Av. Queirós dos Santos, 1848 - Casa Branca, Santo André - SP, 09015-311 ",(11) 4993-4999 ,N/A (Ignorado por segurança),https://movesq.com.br/
Exército de Salvação - Bazar Beneficente - Santo André,"R. Luís Mariani, 136 - Centro, Mauá - SP, 09390-050 ",(11) 4003-2299 ,N/A (Ignorado por segurança),http://www.exercitodoacoes.org.br/
Céu Azul Estofados,"R. Gen. Glicério, 405 - Centro, Santo André - SP, 09015-190 ",(11) 4432-3121 ,N/A (Ignorado por segurança),http://www.ceuazulestofados.com.br/
Rhiad - Móveis,"Av. Itamarati, 3131 - Parque Erasmo Assunção, Santo André - SP, 09271-460 ",(11) 91779-2477 ,N/A (Ignorado por segurança),https://www.instagram.com/rhiad_itamarati/
Riq Móveis - Mobiliário Corporativo,"Av. Pereira Barreto, 1588 - Paraíso, Santo André - SP, 09190-210 ",(11) 4422-8181 ,N/A (Ignorado por segurança),http://www.riqmoveis.com.br/
Mario Móveis,"R. Gen. Glicério, 304 - Centro, Santo André - SP, 09015-191 ",(11) 4990-4166 ,N/A (Ignorado por segurança),Não informado
Móveis Visual,"R. Londres, 719 - Utinga, Santo André - SP, 09220-320 ",(11) 4229-7381 ,N/A (Ignorado por segurança),http://www.moveisdeescritoriovisual.com.br/
MONTADOR DE MÓVEIS EM SANTO ANDRÉ,"R. Ascalon, 191 - Jardim Oriental, Santo André - SP, 09185-080 ",(11) 94812-2153 ,N/A (Ignorado por segurança),https://www.facebook.com/gigantemontador?mibextid=ZbWKwL
Usadão do jacaré,"R. das Hortências, 1390 - Jardim do Estádio, Santo André - SP, 09175-500 ",(11) 99268-4295 ,N/A (Ignorado por segurança),Não informado
Saldão luzita,"Avenida Dom Pedro l 3581 - Vila Luzita, Santo André - SP, 09132-032 ",(11) 2324-3204 ,N/A (Ignorado por segurança),Não informado
Brechó Tucano,"R. Campos Sales, 225 - Centro, Santo André - SP, 09015-200 ",(11) 96206-5997 ,N/A (Ignorado por segurança),https://www.instagram.com/brechotucano/
SamaOutlet,"Av. das Nações, 15 - Parque Novo Oratório, Santo André - SP, 09260-000 ",(11) 95329-3282 ,N/A (Ignorado por segurança),Não informado
"General Colchões, Móveis e Decorações","Esquina com o calçadão - Rua General Glicério, R. Cel. Oliveira Lima, 285 - Centro, Santo André - SP, 09015-190 ",(11) 96490-4823 ,N/A (Ignorado por segurança),Não informado
Nova Laca ABC - Laqueação e Restauração de Móveis,"R. Dona Nina Zanotto, 563 - Jardim Las Vegas, Santo André - SP, 09182-410 ",(11) 93707-0640 ,N/A (Ignorado por segurança),https://linktr.ee/novalacaabc
ABC OFFICE MOVEIS PARA ESCRITORIOS,"Av. Brasília, 65 - Vila Bela Vista, Santo André - SP, 09180-260 ",(11) 4901-6045 ,N/A (Ignorado por segurança),http://www.abcofficemoveis.com.br/
Rhiad Moveis,"R. Miguel Ferreira de Melo, 981 - Jardim Santo Andre, São Paulo - SP, 08390-000 ",(11) 2752-9918 ,N/A (Ignorado por segurança),Não informado
Brechó Achei Aqui,"Av. São Bernardo do Campo, 278 - Jardim Teles de Menezes, Santo André - SP, 09171-100 ",(11) 94524-8350 ,N/A (Ignorado por segurança),Não informado
A.R Arte e Decoração,"Av. Portugal - Jardim Bela Vista, Santo André - SP, 09040-000 ",(11) 98925-6915 ,N/A (Ignorado por segurança),https://www.arartesedecoracoes.com/
Rk@#PRODUTOS,"Av. das Nações, 1457 - Parque Erasmo Assunção, Santo André - SP, 09271-400 ",(11) 95600-4064 ,N/A (Ignorado por segurança),Não informado
Sandy,"Av. Dom Pedro I, 4159 - Vila Guarará, Santo André - SP, 09132-033 ",(11) 4451-4326 ,N/A (Ignorado por segurança),Não informado
Primavera Móveis e Decorações,"Av. Itamarati, 2484 - Parque Erasmo Assunção, Santo André - SP, 09271-410 ",(11) 4401-2149 ,N/A (Ignorado por segurança),https://instagram.com/primavera.moveis.decor
Cid Lar Móveis Usados,"Av. Cap. Mário Toledo de Camargo, 5489 - Vila América, Santo André - SP, 09110-305 ",(11) 98319-1192 ,N/A (Ignorado por segurança),Não informado
SamFlex Móveis,"R. Profa. Maria Losangeles Navarro, 11 - Parque Marajoara, Santo André - SP, 09112-280 ",(11) 99566-3900 ,N/A (Ignorado por segurança),https://moveisparaescritorionoabc.com.br/
Soluções Office Cadeiras,"R. Aguapeí, 227 - Santa Maria, Santo André - SP, 09070-090 ",(11) 98983-9679 ,N/A (Ignorado por segurança),https://officecadeiras.com.br/
CC Móveis Para Salão de Beleza e Barbearia,"Av. dos Estados, 6797 - Parque Jaçatuba, Santo André - SP, 09290-520 ",(11) 95828-0077 ,N/A (Ignorado por segurança),https://www.ccmoveisparasalao.com.br/
Comércio De Móveis Usados.,"R. Cel. Fernando Prestes, 200 - Vila Assunção, Santo André - SP, 09020-110 ",(11) 4436-9073 ,N/A (Ignorado por segurança),Não informado
SKS - Móveis Para Escritório,"Av. Varsóvia, 544 - Vila Metalúrgica, Santo André - SP, 09220-000 ",(11) 4997-4661 ,N/A (Ignorado por segurança),Não informado
Estao dando golpe com o endereço da minha loja nao posto nada na Internet,"Av. Dom Pedro de Alcântara, 78 - Vila Sao Pedro, São Bernardo do Campo - SP, 09771-280 ",(11) 98428-4090 ,N/A (Ignorado por segurança),Não informado
Móveis Usados Paraíba Compra,"R. Angelina Scopel Pinoti, 183 - Ferrazópolis, São Bernardo do Campo - SP, 09790-290 ",(11) 94367-5469 ,N/A (Ignorado por segurança),Não informado
ZW Móveis Usados - Novos e Seminovos,"R. Almeida Leme, 348B - Parque Sao Bernardo, São Bernardo do Campo - SP, 09761-170 ",(11) 96053-8131 ,N/A (Ignorado por segurança),Não informado
Exército de Salvação - Bazar Beneficente - São Bernardo,"R. Servidão da Passagem Toyota, 1115 - Planalto, São Bernardo do Campo - SP, 09891-002 ",(11) 4003-2299 ,N/A (Ignorado por segurança),http://www.exercitodoacoes.org.br/
Breshoping Móveis Usados,"Estr. do Rio Acima, 1263 - Finco, São Bernardo do Campo - SP, 09830-100 ",(11) 97700-0395 ,N/A (Ignorado por segurança),https://www.facebook.com/p/Breshopping-Moveis-novos-e-usados-100079728006666/
NN MOVEIS NOVOS E SEMI NOVOS E ILUMINAÇÃO DE LED,"Av. Humberto de Alencar Castelo Branco, 3421 - Vila Alves Dias, São Bernardo do Campo - SP, 09850-305 ",(11) 98010-4453 ,N/A (Ignorado por segurança),https://www.instagram.com/nnmoveiseled/
Móveis Usados VP,"R. Hawaí, 28 - Nova Petrópolis, São Bernardo do Campo - SP, 09784-010 ",(11) 95790-9018 ,N/A (Ignorado por segurança),https://sites.google.com/view/mveisusadosvp/in%C3%ADcio
Achados do Brasil - Móveis Rústicos,"Rua Thales dos Santos Freire, 250 - Baeta Neves, São Bernardo do Campo - SP, 09751-250 ",(11) 4337-1169 ,N/A (Ignorado por segurança),http://www.achadosdobrasil.com.br/
Magazine Brecholine,"R. Belarmino Francisco Vasconcelos, 363 - Baeta Neves, São Bernardo do Campo - SP, 09760-750 ",(11) 91741-3197 ,N/A (Ignorado por segurança),https://biolink.info/magazinebrecholine
Móveis e Decorações Amadeu,"R. Mal. Deodoro, 2334 / 2352 - Centro, São Bernardo do Campo - SP, 09710-212 ",(11) 4127-1209 ,N/A (Ignorado por segurança),http://www.moveisamadeu.com.br/
Maria Móveis SBC,"R. Afonsina, 244 - Rudge Ramos, São Bernardo do Campo - SP, 09061-300 ",(11) 97202-4666 ,N/A (Ignorado por segurança),https://www.instagram.com/maria_moveissbc/
Roberto Móveis Usados,"R. Arlíndo Marcheti, 400 - Santa Maria, São Caetano do Sul - SP, 09560-410 ",(11) 99757-3323 ,N/A (Ignorado por segurança),Não informado
Cleo antiguidades,"R. Dr. Amâncio de Carvalho, 1105 - Baeta Neves, São Bernardo do Campo - SP, 09751-470 ",(11) 98984-1876 ,N/A (Ignorado por segurança),Não informado
Bazar Beneficente ASIMD,"R. Pedro de Tolêdo, 147 - Paulicéia, São Bernardo do Campo - SP, 09692-060 ",(11) 4173-2636 ,N/A (Ignorado por segurança),https://www.asimd.org.br/
Instituição Assistencial Meimei,"R. Francisco Alves, 275 - Paulicéia, São Bernardo do Campo - SP, 09692-000 ",(11) 4176-8600 ,N/A (Ignorado por segurança),http://www.iam.org.br/
Rio Grande Do Sul Móveis E Decorações,"Estrada do Poney Club, 1125 - Alvarenga, São Bernardo do Campo - SP, 09853-005 ",4357-7742 ,N/A (Ignorado por segurança),Não informado
VILLA MÒVEIS,"Rua Dráusio, 307 - Paulicéia, São Bernardo do Campo - SP, 09684-000 ",(11) 4361-4837 ,N/A (Ignorado por segurança),Não informado
Vianas Móveis E Colchões,"Vianas Móveis E Colchões - R. dos Vianas, 2852 - Baeta Neves, São Bernardo do Campo - SP, 09761-000 ",(11) 4121-5735 ,N/A (Ignorado por segurança),Não informado
Garotinho Móveis e materiais de construção usados,"R. dos Vianas, 2563 - Baeta Neves, São Bernardo do Campo - SP, 09761-000 ",(11) 96220-1628 ,N/A (Ignorado por segurança),Não informado
Depósito Piccolli & Premier Moveis,"R. Coimbra, 35 - Vila Lusitania, São Bernardo do Campo - SP, 09725-190 ",(11) 4127-8465 ,N/A (Ignorado por segurança),https://piccolliepremier.com.br/
Cléo Móveis,"Av. Rotary, 645 - Centro, São Bernardo do Campo - SP, 09721-000 ",(11) 99438-2793 ,N/A (Ignorado por segurança),https://www.instagram.com/lojacleomoveis/
Moveis Usados Santa Rita,"R. dos Jasmins, 39 - Piraporinha, Diadema - SP, 09950-460 ",(11) 2375-3089 ,N/A (Ignorado por segurança),Não informado
Pereira moveis,"Rua Pais de Andrade - Ferrazópolis, São Bernardo do Campo - SP, 09781-160 ",(11) 98567-8718 ,N/A (Ignorado por segurança),Não informado
Usados Rocha,"R. Antônio Serafim Bueno, 63 - Jardim Nazareth, São Bernardo do Campo - SP, 09851-610 ",(11) 95717-3385 ,N/A (Ignorado por segurança),Não informado
Sol Móveis Semi-novos / Compra e Venda / São Caetano do Sul,"R. Boa Vista, 498 - B - Boa Vista, São Caetano do Sul - SP, 09572-300 ",(11) 99564-7336 ,N/A (Ignorado por segurança),Não informado
Couch Móveis e Decorações,"R. Afonsina, 35 - Rudge Ramos, São Bernardo do Campo - SP, 09633-000 ",(11) 4330-5314 ,N/A (Ignorado por segurança),Não informado
Outlet Nunes Móveis,"Av. Albert Schweitzer, 630 - Ferrazópolis, São Bernardo do Campo - SP, 09790-000 ",(11) 94890-8663 ,N/A (Ignorado por segurança),https://www.instagram.com/nunesmoveisecolchoes/
Móveis Marechal,"R. Mal. Deodoro, 551 - Centro, São Bernardo do Campo - SP, 09710-010 ",(11) 4123-2313 ,N/A (Ignorado por segurança),Não informado
Gina Móveis,"Av. Humberto de Alencar Castelo Branco, 3337 - Assunção, São Bernardo do Campo - SP, 09850-305 ",(11) 4109-8915 ,N/A (Ignorado por segurança),Não informado
JP Móveis,"Estr. dos Casa, 3175 - Bairro dos Casa, São Bernardo do Campo - SP, 09840-000 ",(11) 4104-3684 ,N/A (Ignorado por segurança),Não informado
Mohian Móveis e Dec,"Rua, Av. Álvaro Guimarães, 274 - Planalto, São Bernardo do Campo - SP, 09725-630 ",(11) 4330-5677 ,N/A (Ignorado por segurança),Não informado
15 de Novembro Moveis,"R. Mal. Deodoro, 2785 - Ferrazópolis, São Bernardo do Campo - SP, 09710-010 ",(11) 4121-8103 ,N/A (Ignorado por segurança),Não informado
Exército de Salvação - Centro Logístico,"R. Servidão da Passagem Toyota, 1115 - Jardim Gagliardi, São Bernardo do Campo - SP, 09891-005 ",(11) 3238-4600 ,N/A (Ignorado por segurança),http://doacoes.org.br/
Dona Lucinda Usados em Geral,"R. Amazonas, 1883 - Oswaldo Cruz, São Caetano do Sul - SP, 09540-203 ",(11) 99140-0040 ,N/A (Ignorado por segurança),Não informado
Arredare Móveis,"R. Frei Damião - Jardim Calux, São Bernardo do Campo - SP, 09895-605 ",(11) 96508-2217 ,N/A (Ignorado por segurança),Não informado
Bre-Shop Paulicéia,"R. Dezessete de Março, 554 - Vila Odete, São Bernardo do Campo - SP, 09685-000 ",(11) 96912-1232 ,N/A (Ignorado por segurança),Não informado
Desapego Kibarato,"R. Alagoas, 678 - Centro, São Caetano do Sul - SP, 09521-050 ",(11) 91354-3249 ,N/A (Ignorado por segurança),https://www.instagram.com/casadosusadoss/
Galpão Dona Rosa,"R. Rafael Corrêa Sampaio, 114 - Santo Antônio, São Caetano do Sul - SP, 09541-250 ",(11) 94446-0601 ,N/A (Ignorado por segurança),Não informado
Familia Stok Total,"R. Ivaí, 738 - Santa Maria, São Caetano do Sul - SP, 09560-670 ",(11) 99788-5777 ,N/A (Ignorado por segurança),Não informado
Image Home Mega Store,"R. Herculano de Freitas, 795 - Fundação, São Caetano do Sul - SP, 09520-280 ",(11) 4221-9421 ,N/A (Ignorado por segurança),Não informado
Renato Móveis,"R. Costa Barros, 13 - Vila Alpina, São Paulo - SP, 03210-000 ",(11) 97795-6497 ,N/A (Ignorado por segurança),Não informado
"Melhor Cadeira - Cadeiras de Escritório, Executivas e Ergonomicas Seminovas","R. Rio Branco - Fundação, São Caetano do Sul - SP, 09520-630 ",(11) 98507-8169 ,N/A (Ignorado por segurança),https://www.instagram.com/melhorcadeira/
Preci Moveis Usados,"Av. São Paulo, 268 - Jardim Armenia, Mogi das Cruzes - SP, 08780-570 ",(11) 97119-1006 ,N/A (Ignorado por segurança),https://www.instagram.com/precimoveis/
JM Móveis Usados,"R. Pres. Getúlio Vargas - Vila Mogi Moderno, Mogi das Cruzes - SP, 08715-400 ",(11) 4725-7515 ,N/A (Ignorado por segurança),Não informado
Multi Usados,"Av. Lourenço de Souza Franco, 488 - Jundiapeba, Mogi das Cruzes - SP, 08750-560 ",(11) 4727-7272 ,N/A (Ignorado por segurança),Não informado
Móveis Ipiranga,"R. Ipiranga, 136 - Centro, Mogi das Cruzes - SP, 08717-000 ",(11) 99527-0963 ,N/A (Ignorado por segurança),Não informado
Moveis e Eletros USADOS S. FRANCISCO - Compramos e Vendemos Móveis e Eletrodomésticos em Geral,"Estr. Jinichi Shigeno, 427 - Vila da Prata, Mogi das Cruzes - SP, 08725-225 ",(11) 94128-5693 ,N/A (Ignorado por segurança),https://www.facebook.com/profile.php?id=100009490128273
Bahia Móveis Novos e Usados,"R. Camargo, 48 - Jardim Aeroporto III, Mogi das Cruzes - SP, 08761-060 ",(11) 99840-7838 ,N/A (Ignorado por segurança),Não informado
"Rical, loja de departamento novos e usados","R. Dr. Ricardo Vilela, 753 - Centro, Mogi das Cruzes - SP, 08710-150 ",(11) 2378-3551 ,N/A (Ignorado por segurança),Não informado
Vend e Trok Comércio de Usados,"R. Fidalgo, 69 - Centro, Mogi das Cruzes - SP, 08773-180 ",(11) 4791-2391 ,N/A (Ignorado por segurança),Não informado
Farias Móveis,"R. Profa. Lucinda Bastos, 1507 - Jundiapeba, Mogi das Cruzes - SP, 08750-580 ",(11) 97467-7821 ,N/A (Ignorado por segurança),Não informado
Estação Usados,"R. Gonçalo Ferreira, 298 - Jardim Pte. Grande, Mogi das Cruzes - SP, 08770-460 ",(11) 97281-2762 ,N/A (Ignorado por segurança),http://www.instagram.com/estacaousados
Ruti móveis usados FC,"Avenida Japão 530 Sentido - parque sao martinho, Mogi das Cruzes - SP, 08763-000 ",(11) 98227-8308 ,N/A (Ignorado por segurança),Não informado
Bwe Usados,"R. Gonçalo Ferreira, 294 - Ponte Grande, Mogi das Cruzes - SP, 08770-460 ",(11) 94066-5668 ,N/A (Ignorado por segurança),http://www.instagram.com/bweusados
Cazatudo Móveis de A a Z,"R. Dr. Deodato Wertheimer, 1632 - Centro, Mogi das Cruzes - SP, 08710-430 ",(11) 4725-1244 ,N/A (Ignorado por segurança),https://beacons.ai/cazatudo.com_outlet?fbclid=PAZXh0bgNhZW0CMTEAAafCbul2Eu9wm3XuyxrV0kLH2AolgbOwI4y0otNm6czx0GVKDwW9YBuQVP6PoQ_aem_KNsSBC9uCjskqBNqv1kEAg
S.O.S. Comércio Varejista de Móveis Usados Seminovos Antiguidades em Geral,"R. Magdalena Sguilaro Amorim - Lot. Acrisio de Oliveira Silva, Mogi das Cruzes - SP, 08737-260 ",(11) 2629-0387 ,N/A (Ignorado por segurança),Não informado
Móveis Rústicos,"Rod. Dom Paulo Rolim Loureiro, 7164 - Vila Moraes, Mogi das Cruzes - SP, 08766-500 ",(11) 4799-1961 ,N/A (Ignorado por segurança),https://www.moveisrusticosmogi.com.br/
Compra Madeira Usada e Demolição,"Av. Prefeito Francisco Ribeiro Nogueira, 3226 - Vila Mogi Moderno, Mogi das Cruzes - SP, 08717-490 ",(11) 97443-9887 ,N/A (Ignorado por segurança),http://www.compramadeirausada.com/
Freitas Móveis,"Rua Capitão Joaquim de Mello Freire - Vila Vitoria, Mogi das Cruzes - SP, 08730-440 ",(11) 2378-0937 ,N/A (Ignorado por segurança),Não informado
Hindi Lar moveis,"Alameda Santo Ângelo, 396 - Jundiapeba, Mogi das Cruzes - SP, 08750-510 ",(11) 95763-4652 ,N/A (Ignorado por segurança),Não informado
MAQFAX MÓVEIS PARA ESCRITÓRIO,"R. Dr. Ricardo Vilela, 238 - Centro, Mogi das Cruzes - SP, 08710-150 ",(11) 4726-3833 ,N/A (Ignorado por segurança),http://maqfax.com.br/
Moveis Barreto,"R. Silvandira, 340 - Jardim Felix e Milton, Mogi das Cruzes - SP, 08593-120 ",(11) 4755-5270 ,N/A (Ignorado por segurança),Não informado
Elbor Planejados,"R. Cel. Souza Franco, 864 - Centro, Mogi das Cruzes - SP, 08710-025 ",(11) 97076-4534 ,N/A (Ignorado por segurança),https://www.instagram.com/elborplanejados/
Ecoponto Jardim Armênia,"Rua Júlio Perotti, 353 - Jardim Armenia, Mogi das Cruzes - SP, 08780-810 ",(11) 4798-5966 ,N/A (Ignorado por segurança),Não informado
MOISÉS MÓVEIS,"R. Constelation, 474 - Jardim Aeroporto III, Mogi das Cruzes - SP, 08761-090 ",(11) 91643-2594 ,N/A (Ignorado por segurança),Não informado
W.S Móveis Usados e Semi Novos,"R. Ipiranga, 135 - Centro, Mogi das Cruzes - SP, 08717-000 ",(11) 97355-7900 ,N/A (Ignorado por segurança),Não informado
Mercadão da Dalva,"Estr. da Fazendinha, 1497 - Jardim Ana Estela, Carapicuíba - SP, 06343-290 ",(11) 4186-0643 ,N/A (Ignorado por segurança),Não informado
Casa de Usados,"R. Baependi, 41 - Conj. Hab. Pres. Castelo Branco, Carapicuíba - SP, 06329-000 ",(11) 2803-3436 ,N/A (Ignorado por segurança),Não informado
Canaã Moveis Usados,"Estrada do Jacarandá - Jardim Roseli, Carapicuíba - SP, 06365-130 ",(11) 95476-3502 ,N/A (Ignorado por segurança),Não informado
Casa De Móveis Usados & Eletrodomésticos Em Geral,"Estr. do Pequiá - Vila Silviania, Carapicuíba - SP, 06381-095 ",(11) 96686-1524 ,N/A (Ignorado por segurança),Não informado
Usados Marcão,"R. Ângelo Pavanelli, 56 - Parque Santa Teresa, Carapicuíba - SP, 06341-090 ",(11) 97635-1590 ,N/A (Ignorado por segurança),Não informado
Venda de Móveis Usados e assistência Técnica em eletrodoméstico,"25 R. Bocaiúva Conjunto Habitacional, Rodovia Presidente Castelo Branco, Carapicuíba - SP, 06329-230 ",(11) 97035-9503 ,N/A (Ignorado por segurança),Não informado
MM,"R. Amélia Marquês de Oliveira - Altos da Santa Lucia, Carapicuíba - SP, 06365-370 ",(11) 94793-4674 ,N/A (Ignorado por segurança),Não informado
Saldão Pai e Filho,"Estr. do Guatambú, 491 - Vila Silviania, Carapicuíba - SP, 06321-620 ",(11) 4207-8476 ,N/A (Ignorado por segurança),Não informado
Lojão da Comunidade,"Av. Inocêncio Seráfico, 3091 - Vila Veloso, Carapicuíba - SP, 06343-410 ",(11) 94617-1363 ,N/A (Ignorado por segurança),Não informado
QUASE TUDO BRASIL,"Estr. do Guatambú, 570 - Vila Silviania, Carapicuíba - SP, 06321-620 ",(11) 99956-0440 ,N/A (Ignorado por segurança),Não informado
Tina Móveis,"Rua Miguel Barbar, 373 - Vila Gustavo Correia, Carapicuíba - SP, 06310-320 ",(11) 4184-7125 ,N/A (Ignorado por segurança),Não informado
Baesso Comercio de Moveis Novos e Semi Novos,"R. Agudenses, 267 - Vila Margarida, Carapicuíba - SP, 06331-160 ",(11) 3852-8860 ,N/A (Ignorado por segurança),Não informado
Montador de Móveis top,"R. Yukio Wada, 102 - Leopoldina, Carapicuíba - SP, 06382-090 ",(11) 98332-6079 ,N/A (Ignorado por segurança),https://g.co/kgs/rerNQZ
Azullar Moveis,"Av. Inocêncio Seráfico, 3336 - Vila Silva Ribeiro, Carapicuíba - SP, 06380-021 ",(11) 4187-3019 ,N/A (Ignorado por segurança),Não informado
Comércio de Móveis Ferreira Ltda.,"R. Itajubá, 54 - Parque Santa Teresa, Carapicuíba - SP, 06341-160 ",(11) 4186-4022 ,N/A (Ignorado por segurança),Não informado
Casa Maria Maia,"R. Eduardo Augusto Mesquita, 357 - Parque Santa Teresa, Carapicuíba - SP, 06340-380 ",(11) 4146-7100 ,N/A (Ignorado por segurança),http://www.casamariamaia.org.br/
Komfort House - Loja Carapicuíba,"Av. Inocêncio Seráfico, 1. 340 - Vila Silva Ribeiro, Carapicuíba - SP, 06343-410 ",(11) 4280-1500 ,N/A (Ignorado por segurança),http://www.komforthouse.com.br/
BARUK HOUSE OUTLET DE MÓVEIS,"Estr. da Gabiroba, 212 - Jardim Copiuva, Carapicuíba - SP, 06332-008 ",(11) 96752-8390 ,N/A (Ignorado por segurança),Não informado
Lojas Marabraz,"Av. Rui Barbosa, 661 - Centro, Carapicuíba - SP, 06320-030 ",0300 777 7001 ,N/A (Ignorado por segurança),https://www.marabraz.com.br/
The Montagem,Não informado,(11) 97190-4466 ,N/A (Ignorado por segurança),Não informado
Móveis Natal,"R. Serra Roraima, 5 - Jardim Planalto, Carapicuíba - SP, 06360-180 ",(11) 4207-6658 ,N/A (Ignorado por segurança),Não informado
